ten_bang,thu_tu_cot,ten_cot,kieu_du_lieu,do_dai_toi_da,do_chinh_xac,so_chu_so_thap_phan,cho_phep_null,gia_tri_mac_dinh,la_khoa_chinh,ten_khoa_chinh,la_duy_nhat,ten_unique,la_khoa_ngoai,ten_khoa_ngoai,bang_tham_chieu,cot_tham_chieu,quy_tac_cap_nhat,quy_tac_xoa
ct_binh_chon_suat_an,1,binh_chon_id,integer,,32,0,NO,,YES,ct_binh_chon_suat_an_pkey,NO,,YES,fk_ct_binh_chon,nv_binh_chon_suat_an,id,NO ACTION,NO ACTION
ct_binh_chon_suat_an,2,mon_an_id,integer,,32,0,NO,,YES,ct_binh_chon_suat_an_pkey,NO,,YES,fk_ct_mon_an,dm_mon_an,id,NO ACTION,NO ACTION
ct_binh_chon_suat_an,3,active,boolean,,,,NO,true,NO,,NO,,NO,,,,,
ct_binh_chon_suat_an,4,created_at,timestamp without time zone,,,,NO,now(),NO,,NO,,NO,,,,,
ct_binh_chon_suat_an,5,updated_at,timestamp without time zone,,,,NO,now(),NO,,NO,,NO,,,,,
ct_chinh_sach_chuc_vu,1,id,bigint,,64,0,NO,nextval('ct_chinh_sach_chuc_vu_id_seq'::regclass),YES,ct_chinh_sach_chuc_vu_pkey,NO,,NO,,,,,
ct_chinh_sach_chuc_vu,2,chinh_sach_id,bigint,,64,0,NO,,NO,,YES,uq_ct_chinh_sach_chuc_vu,YES,fk_ct_cscv_chinh_sach,dm_chinh_sach,id,CASCADE,CASCADE
ct_chinh_sach_chuc_vu,3,chuc_vu_id,bigint,,64,0,NO,,NO,,YES,uq_ct_chinh_sach_chuc_vu,YES,fk_ct_cscv_chuc_vu,dm_chuc_vu,id,CASCADE,RESTRICT
ct_chinh_sach_chuc_vu,4,active,boolean,,,,NO,true,NO,,NO,,NO,,,,,
ct_chinh_sach_chuc_vu,5,created_at,timestamp without time zone,,,,NO,CURRENT_TIMESTAMP,NO,,NO,,NO,,,,,
ct_chinh_sach_chuc_vu,6,updated_at,timestamp without time zone,,,,NO,CURRENT_TIMESTAMP,NO,,NO,,NO,,,,,
ct_chinh_sach_tai_khoan,1,id,bigint,,64,0,NO,nextval('ct_chinh_sach_tai_khoan_id_seq'::regclass),YES,ct_chinh_sach_tai_khoan_pkey,NO,,NO,,,,,
ct_chinh_sach_tai_khoan,2,chinh_sach_id,bigint,,64,0,NO,,NO,,YES,uq_ct_chinh_sach_tai_khoan,YES,fk_ct_cstk_chinh_sach,dm_chinh_sach,id,CASCADE,CASCADE
ct_chinh_sach_tai_khoan,3,tai_khoan_id,bigint,,64,0,NO,,NO,,YES,uq_ct_chinh_sach_tai_khoan,YES,fk_ct_cstk_tai_khoan,dm_tai_khoan,id,CASCADE,RESTRICT
ct_chinh_sach_tai_khoan,4,active,boolean,,,,NO,true,NO,,NO,,NO,,,,,
ct_chinh_sach_tai_khoan,5,created_at,timestamp without time zone,,,,NO,CURRENT_TIMESTAMP,NO,,NO,,NO,,,,,
ct_chinh_sach_tai_khoan,6,updated_at,timestamp without time zone,,,,NO,CURRENT_TIMESTAMP,NO,,NO,,NO,,,,,
ct_chinh_sach_vai_tro,1,id,bigint,,64,0,NO,nextval('ct_chinh_sach_vai_tro_id_seq'::regclass),YES,ct_chinh_sach_vai_tro_pkey,NO,,NO,,,,,
ct_chinh_sach_vai_tro,2,chinh_sach_id,bigint,,64,0,NO,,NO,,YES,uq_ct_chinh_sach_vai_tro,YES,fk_ct_csvt_chinh_sach,dm_chinh_sach,id,CASCADE,CASCADE
ct_chinh_sach_vai_tro,3,vai_tro_id,bigint,,64,0,NO,,NO,,YES,uq_ct_chinh_sach_vai_tro,YES,fk_ct_csvt_vai_tro,dm_vai_tro,id,CASCADE,RESTRICT
ct_chinh_sach_vai_tro,4,active,boolean,,,,NO,true,NO,,NO,,NO,,,,,
ct_chinh_sach_vai_tro,5,created_at,timestamp without time zone,,,,NO,CURRENT_TIMESTAMP,NO,,NO,,NO,,,,,
ct_chinh_sach_vai_tro,6,updated_at,timestamp without time zone,,,,NO,CURRENT_TIMESTAMP,NO,,NO,,NO,,,,,
ct_dot_binh_chon_chinh_sach,1,dot_binh_chon_id,integer,,32,0,NO,,YES,ct_dot_binh_chon_chinh_sach_pkey,YES,uq_ct_dot_binh_chon_chinh_sach,YES,fk_ct_dbccs_dot_binh_chon,nv_dot_binh_chon,id,CASCADE,CASCADE
ct_dot_binh_chon_chinh_sach,1,dot_binh_chon_id,integer,,32,0,NO,,YES,ct_dot_binh_chon_chinh_sach_pkey,YES,uq_ct_dot_binh_chon_chinh_sach,YES,fk_ct_dot_binh_chon,nv_dot_binh_chon,id,NO ACTION,NO ACTION
ct_dot_binh_chon_chinh_sach,2,chinh_sach_id,integer,,32,0,NO,,YES,ct_dot_binh_chon_chinh_sach_pkey,YES,uq_ct_dot_binh_chon_chinh_sach,NO,,,,,
ct_dot_binh_chon_chinh_sach,3,active,boolean,,,,NO,true,NO,,NO,,NO,,,,,
ct_dot_binh_chon_chinh_sach,4,created_at,timestamp without time zone,,,,NO,now(),NO,,NO,,NO,,,,,
ct_dot_binh_chon_chinh_sach,5,updated_at,timestamp without time zone,,,,NO,now(),NO,,NO,,NO,,,,,
ct_dot_binh_chon_chuc_vu,1,dot_binh_chon_id,integer,,32,0,NO,,YES,ct_dot_binh_chon_chuc_vu_pkey,NO,,YES,fk_dot_bc_chuc_vu,nv_dot_binh_chon,id,NO ACTION,NO ACTION
ct_dot_binh_chon_chuc_vu,2,chuc_vu_id,integer,,32,0,NO,,YES,ct_dot_binh_chon_chuc_vu_pkey,NO,,YES,fk_ctbc_chuc_vu,dm_chuc_vu,id,NO ACTION,NO ACTION
ct_dot_binh_chon_chuc_vu,3,active,boolean,,,,NO,true,NO,,NO,,NO,,,,,
ct_dot_binh_chon_chuc_vu,4,created_at,timestamp without time zone,,,,NO,now(),NO,,NO,,NO,,,,,
ct_dot_binh_chon_chuc_vu,5,updated_at,timestamp without time zone,,,,NO,now(),NO,,NO,,NO,,,,,
ct_dot_binh_chon_mon_an,1,dot_binh_chon_id,integer,,32,0,NO,,YES,ct_dot_binh_chon_mon_an_pkey,NO,,YES,fk_dot_bc_mon_an,nv_dot_binh_chon,id,NO ACTION,NO ACTION
ct_dot_binh_chon_mon_an,2,mon_an_id,integer,,32,0,NO,,YES,ct_dot_binh_chon_mon_an_pkey,NO,,YES,fk_mon_an,dm_mon_an,id,NO ACTION,NO ACTION
ct_dot_binh_chon_mon_an,3,so_luong_du_kien,integer,,32,0,YES,,NO,,NO,,NO,,,,,
ct_dot_binh_chon_mon_an,4,active,boolean,,,,NO,true,NO,,NO,,NO,,,,,
ct_dot_binh_chon_mon_an,5,created_at,timestamp without time zone,,,,NO,now(),NO,,NO,,NO,,,,,
ct_dot_binh_chon_mon_an,6,updated_at,timestamp without time zone,,,,NO,now(),NO,,NO,,NO,,,,,
ct_dot_binh_chon_nhom_mon,1,dot_binh_chon_id,integer,,32,0,NO,,YES,ct_dot_binh_chon_nhom_mon_pkey,NO,,YES,fk_dot_bc_nhom_mon,nv_dot_binh_chon,id,NO ACTION,NO ACTION
ct_dot_binh_chon_nhom_mon,2,nhom_mon_an_id,integer,,32,0,NO,,YES,ct_dot_binh_chon_nhom_mon_pkey,NO,,YES,fk_nhom_mon,dm_nhom_mon_an,id,NO ACTION,NO ACTION
ct_dot_binh_chon_nhom_mon,3,so_luong_duoc_chon,integer,,32,0,NO,,NO,,NO,,NO,,,,,
ct_dot_binh_chon_nhom_mon,4,bat_buoc,boolean,,,,NO,false,NO,,NO,,NO,,,,,
ct_dot_binh_chon_nhom_mon,5,active,boolean,,,,NO,true,NO,,NO,,NO,,,,,
ct_dot_binh_chon_nhom_mon,6,created_at,timestamp without time zone,,,,NO,now(),NO,,NO,,NO,,,,,
ct_dot_binh_chon_nhom_mon,7,updated_at,timestamp without time zone,,,,NO,now(),NO,,NO,,NO,,,,,
ct_kho_nhan_vien_quan_ly,1,id,integer,,32,0,NO,nextval('ct_kho_nhan_vien_quan_ly_id_seq'::regclass),YES,ct_kho_nhan_vien_quan_ly_pkey,NO,,NO,,,,,
ct_kho_nhan_vien_quan_ly,2,kho_id,integer,,32,0,NO,,NO,,YES,uq_ct_kho_nhan_vien_quan_ly,YES,fk_ct_knvql_kho,dm_kho,id,CASCADE,CASCADE
ct_kho_nhan_vien_quan_ly,3,nhan_vien_id,integer,,32,0,NO,,NO,,YES,uq_ct_kho_nhan_vien_quan_ly,YES,fk_ct_knvql_nhan_vien,dm_nhan_vien,id,CASCADE,RESTRICT
ct_kho_nhan_vien_quan_ly,4,active,boolean,,,,NO,true,NO,,NO,,NO,,,,,
ct_kho_nhan_vien_quan_ly,5,created_at,timestamp without time zone,,,,NO,now(),NO,,NO,,NO,,,,,
ct_kho_nhan_vien_quan_ly,6,updated_at,timestamp without time zone,,,,NO,now(),NO,,NO,,NO,,,,,
ct_nha_an_nhan_vien,1,id,bigint,,64,0,NO,nextval('ct_nha_an_nhan_vien_id_seq'::regclass),YES,ct_nha_an_nhan_vien_pkey,NO,,NO,,,,,
ct_nha_an_nhan_vien,2,nha_an_id,integer,,32,0,NO,,NO,,YES,uq_ct_nha_an_nhan_vien,YES,fk_ct_nanv_nha_an,dm_nha_an,id,CASCADE,CASCADE
ct_nha_an_nhan_vien,3,nhan_vien_id,integer,,32,0,NO,,NO,,YES,uq_ct_nha_an_nhan_vien,YES,fk_ct_nanv_nhan_vien,dm_nhan_vien,id,CASCADE,RESTRICT
ct_nha_an_nhan_vien,4,active,boolean,,,,NO,true,NO,,NO,,NO,,,,,
ct_nha_an_nhan_vien,5,created_at,timestamp without time zone,,,,NO,now(),NO,,NO,,NO,,,,,
ct_nha_an_nhan_vien,6,updated_at,timestamp without time zone,,,,NO,now(),NO,,NO,,NO,,,,,
ct_phieu_nhap,1,id,integer,,32,0,NO,nextval('ct_phieu_nhap_id_seq'::regclass),YES,ct_phieu_nhap_pkey,NO,,NO,,,,,
ct_phieu_nhap,2,phieu_nhap_id,integer,,32,0,NO,,NO,,NO,,YES,fk_ct_pn,nv_phieu_nhap,id,NO ACTION,CASCADE
ct_phieu_nhap,3,thuc_pham_id,integer,,32,0,NO,,NO,,NO,,YES,fk_ct_pn_tp,dm_thuc_pham,id,NO ACTION,NO ACTION
ct_phieu_nhap,4,so_luong_nhap,numeric,,18,3,NO,,NO,,NO,,NO,,,,,
ct_phieu_nhap,5,don_gia,numeric,,18,2,NO,,NO,,NO,,NO,,,,,
ct_phieu_nhap,6,thanh_tien,numeric,,18,2,NO,,NO,,NO,,NO,,,,,
ct_phieu_nhap,7,han_su_dung,date,,,,YES,,NO,,NO,,NO,,,,,
ct_phieu_nhap,8,so_lo,character varying,100,,,YES,,NO,,NO,,NO,,,,,
ct_phieu_nhap,9,ghi_chu,text,,,,YES,,NO,,NO,,NO,,,,,
ct_phieu_nhap,10,created_at,timestamp without time zone,,,,NO,now(),NO,,NO,,NO,,,,,
ct_phieu_nhap,11,updated_at,timestamp without time zone,,,,NO,now(),NO,,NO,,NO,,,,,
ct_phieu_nhap,12,don_vi_so_cap_id,integer,,32,0,YES,,NO,,NO,,YES,fk_ct_pn_don_vi_so_cap,dm_don_vi_tinh,id,NO ACTION,NO ACTION
ct_phieu_nhap,13,he_so_quy_doi,numeric,,18,3,YES,,NO,,NO,,NO,,,,,
ct_phieu_xuat,1,id,integer,,32,0,NO,nextval('ct_phieu_xuat_id_seq'::regclass),YES,ct_phieu_xuat_pkey,NO,,NO,,,,,
ct_phieu_xuat,2,phieu_xuat_id,integer,,32,0,NO,,NO,,NO,,YES,fk_ct_px,nv_phieu_xuat,id,NO ACTION,CASCADE
ct_phieu_xuat,3,thuc_pham_id,integer,,32,0,NO,,NO,,NO,,YES,fk_ct_px_tp,dm_thuc_pham,id,NO ACTION,NO ACTION
ct_phieu_xuat,4,so_luong_xuat,numeric,,18,3,NO,,NO,,NO,,NO,,,,,
ct_phieu_xuat,5,ghi_chu,text,,,,YES,,NO,,NO,,NO,,,,,
ct_phieu_xuat,6,created_at,timestamp without time zone,,,,NO,now(),NO,,NO,,NO,,,,,
ct_phieu_xuat,7,updated_at,timestamp without time zone,,,,NO,now(),NO,,NO,,NO,,,,,
ct_phieu_xuat,8,don_vi_so_cap_id,integer,,32,0,YES,,NO,,NO,,YES,fk_ct_px_don_vi_so_cap,dm_don_vi_tinh,id,NO ACTION,NO ACTION
ct_phieu_xuat,9,he_so_quy_doi,numeric,,18,3,YES,,NO,,NO,,NO,,,,,
dm_ca_an,1,id,integer,,32,0,NO,nextval('dm_ca_an_id_seq'::regclass),YES,dm_ca_an_pkey,NO,,NO,,,,,
dm_ca_an,2,ma_ca_an,character varying,50,,,NO,,NO,,YES,dm_ca_an_ma_ca_an_key,NO,,,,,
dm_ca_an,3,ten_ca_an,character varying,100,,,NO,,NO,,NO,,NO,,,,,
dm_ca_an,4,thoi_gian_bat_dau,time without time zone,,,,NO,,NO,,NO,,NO,,,,,
dm_ca_an,5,thoi_gian_ket_thuc,time without time zone,,,,NO,,NO,,NO,,NO,,,,,
dm_ca_an,7,active,boolean,,,,NO,true,NO,,NO,,NO,,,,,
dm_ca_an,8,created_at,timestamp without time zone,,,,NO,now(),NO,,NO,,NO,,,,,
dm_ca_an,9,updated_at,timestamp without time zone,,,,NO,now(),NO,,NO,,NO,,,,,
dm_chinh_sach,1,id,bigint,,64,0,NO,nextval('dm_chinh_sach_id_seq'::regclass),YES,dm_chinh_sach_pkey,NO,,NO,,,,,
dm_chinh_sach,2,ma_chinh_sach,character varying,50,,,NO,,NO,,YES,uq_dm_chinh_sach_ma,NO,,,,,
dm_chinh_sach,3,ten_chinh_sach,character varying,255,,,NO,,NO,,NO,,NO,,,,,
dm_chinh_sach,4,loai_chinh_sach,character varying,50,,,NO,,NO,,NO,,NO,,,,,
dm_chinh_sach,5,voucher_id,bigint,,64,0,NO,,NO,,NO,,YES,fk_dm_chinh_sach_voucher,dm_voucher,id,CASCADE,RESTRICT
dm_chinh_sach,6,mo_ta,character varying,500,,,YES,,NO,,NO,,NO,,,,,
dm_chinh_sach,9,muc_do_uu_tien,integer,,32,0,NO,0,NO,,NO,,NO,,,,,
dm_chinh_sach,10,active,boolean,,,,NO,true,NO,,NO,,NO,,,,,
dm_chinh_sach,11,created_at,timestamp without time zone,,,,NO,CURRENT_TIMESTAMP,NO,,NO,,NO,,,,,
dm_chinh_sach,12,updated_at,timestamp without time zone,,,,NO,CURRENT_TIMESTAMP,NO,,NO,,NO,,,,,
dm_chuc_vu,1,id,integer,,32,0,NO,nextval('dm_chuc_vu_id_seq'::regclass),YES,dm_chuc_vu_pkey,NO,,NO,,,,,
dm_chuc_vu,2,ma_chuc_vu,character varying,50,,,NO,,NO,,YES,dm_chuc_vu_ma_chuc_vu_key,NO,,,,,
dm_chuc_vu,3,ten_chuc_vu,character varying,100,,,NO,,NO,,NO,,NO,,,,,
dm_chuc_vu,4,mo_ta,character varying,500,,,YES,,NO,,NO,,NO,,,,,
dm_chuc_vu,5,active,boolean,,,,YES,true,NO,,NO,,NO,,,,,
dm_chuc_vu,6,created_at,timestamp without time zone,,,,YES,now(),NO,,NO,,NO,,,,,
dm_chuc_vu,7,updated_at,timestamp without time zone,,,,YES,now(),NO,,NO,,NO,,,,,
dm_co_so,1,id,integer,,32,0,NO,nextval('dm_co_so_id_seq'::regclass),YES,dm_co_so_pkey,NO,,NO,,,,,
dm_co_so,2,ma_co_so,character varying,50,,,NO,,NO,,YES,dm_co_so_ma_co_so_key,NO,,,,,
dm_co_so,3,ten_co_so,character varying,150,,,NO,,NO,,NO,,NO,,,,,
dm_co_so,4,dia_chi,text,,,,YES,,NO,,NO,,NO,,,,,
dm_co_so,5,active,boolean,,,,YES,true,NO,,NO,,NO,,,,,
dm_co_so,6,created_at,timestamp without time zone,,,,YES,now(),NO,,NO,,NO,,,,,
dm_co_so,7,updated_at,timestamp without time zone,,,,YES,now(),NO,,NO,,NO,,,,,
dm_co_so,8,logo,character varying,500,,,YES,,NO,,NO,,NO,,,,,
dm_co_so,9,favicon,character varying,500,,,YES,,NO,,NO,,NO,,,,,
dm_co_so,10,quoc_gia_id,integer,,32,0,YES,,NO,,NO,,YES,fk_co_so_quoc_gia,dm_quoc_gia,id,NO ACTION,NO ACTION
dm_co_so,11,tinh_thanh_id,integer,,32,0,YES,,NO,,NO,,YES,fk_co_so_tinh_thanh,dm_tinh_thanh,id,NO ACTION,NO ACTION
dm_co_so,12,xa_phuong_id,integer,,32,0,YES,,NO,,NO,,YES,fk_co_so_xa_phuong,dm_xa_phuong,id,NO ACTION,NO ACTION
dm_co_so,13,logo_doi_tac,character varying,500,,,YES,,NO,,NO,,NO,,,,,
dm_don_vi_tinh,1,id,integer,,32,0,NO,nextval('dm_don_vi_tinh_id_seq'::regclass),YES,dm_don_vi_tinh_pkey,NO,,NO,,,,,
dm_don_vi_tinh,2,ma_don_vi_tinh,character varying,50,,,NO,,NO,,YES,dm_don_vi_tinh_ma_don_vi_tinh_key,NO,,,,,
dm_don_vi_tinh,3,ten_don_vi_tinh,character varying,100,,,NO,,NO,,NO,,NO,,,,,
dm_don_vi_tinh,4,ky_hieu,character varying,20,,,YES,,NO,,NO,,NO,,,,,
dm_don_vi_tinh,5,active,boolean,,,,NO,true,NO,,NO,,NO,,,,,
dm_don_vi_tinh,6,created_at,timestamp without time zone,,,,NO,now(),NO,,NO,,NO,,,,,
dm_don_vi_tinh,7,updated_at,timestamp without time zone,,,,NO,now(),NO,,NO,,NO,,,,,
dm_don_vi_tinh,8,loai_don_vi,integer,,32,0,YES,,NO,,NO,,NO,,,,,
dm_kho,1,id,integer,,32,0,NO,nextval('dm_kho_id_seq'::regclass),YES,dm_kho_pkey,NO,,NO,,,,,
dm_kho,2,ma_kho,character varying,50,,,NO,,NO,,YES,dm_kho_ma_kho_key,NO,,,,,
dm_kho,3,ten_kho,character varying,150,,,NO,,NO,,NO,,NO,,,,,
dm_kho,4,nha_an_id,integer,,32,0,NO,,NO,,NO,,YES,fk_kho_nha_an,dm_nha_an,id,NO ACTION,NO ACTION
dm_kho,5,active,boolean,,,,NO,true,NO,,NO,,NO,,,,,
dm_kho,6,created_at,timestamp without time zone,,,,NO,now(),NO,,NO,,NO,,,,,
dm_kho,7,updated_at,timestamp without time zone,,,,NO,now(),NO,,NO,,NO,,,,,
dm_kho,9,loai_kho,smallint,,16,0,YES,,NO,,NO,,NO,,,,,
dm_kho,10,dia_diem,character varying,255,,,YES,,NO,,NO,,NO,,,,,
dm_kho,11,dien_tich,numeric,,12,2,YES,,NO,,NO,,NO,,,,,
dm_kho,12,nhiet_do_toi_thieu,numeric,,5,2,YES,,NO,,NO,,NO,,,,,
dm_kho,13,nhiet_do_toi_da,numeric,,5,2,YES,,NO,,NO,,NO,,,,,
dm_kho,14,mo_ta,character varying,500,,,YES,,NO,,NO,,NO,,,,,
dm_kho,15,ghi_chu,character varying,500,,,YES,,NO,,NO,,NO,,,,,
dm_mon_an,1,id,integer,,32,0,NO,nextval('dm_mon_an_id_seq'::regclass),YES,dm_mon_an_pkey,NO,,NO,,,,,
dm_mon_an,2,ma_mon_an,character varying,50,,,NO,,NO,,YES,dm_mon_an_ma_mon_an_key,NO,,,,,
dm_mon_an,3,ten_mon_an,character varying,150,,,NO,,NO,,NO,,NO,,,,,
dm_mon_an,4,nhom_mon_an_id,integer,,32,0,NO,,NO,,NO,,YES,fk_mon_an_nhom_mon,dm_nhom_mon_an,id,NO ACTION,NO ACTION
dm_mon_an,5,gia_tien,numeric,,18,2,YES,,NO,,NO,,NO,,,,,
dm_mon_an,6,calories,integer,,32,0,YES,,NO,,NO,,NO,,,,,
dm_mon_an,7,mo_ta,character varying,500,,,YES,,NO,,NO,,NO,,,,,
dm_mon_an,8,hinh_anh,text,,,,YES,,NO,,NO,,NO,,,,,
dm_mon_an,9,active,boolean,,,,NO,true,NO,,NO,,NO,,,,,
dm_mon_an,10,created_at,timestamp without time zone,,,,NO,now(),NO,,NO,,NO,,,,,
dm_mon_an,11,updated_at,timestamp without time zone,,,,NO,now(),NO,,NO,,NO,,,,,
dm_mon_an,15,gia_du_kien,numeric,,18,2,NO,0,NO,,NO,,NO,,,,,
dm_nha_an,1,id,integer,,32,0,NO,nextval('dm_nha_an_id_seq'::regclass),YES,dm_nha_an_pkey,NO,,NO,,,,,
dm_nha_an,2,ma_nha_an,character varying,50,,,NO,,NO,,YES,dm_nha_an_ma_nha_an_key,NO,,,,,
dm_nha_an,3,ten_nha_an,character varying,150,,,NO,,NO,,NO,,NO,,,,,
dm_nha_an,5,co_so_id,integer,,32,0,YES,,NO,,NO,,YES,fk_nha_an_co_so,dm_co_so,id,NO ACTION,NO ACTION
dm_nha_an,6,active,boolean,,,,NO,true,NO,,NO,,NO,,,,,
dm_nha_an,7,created_at,timestamp without time zone,,,,NO,now(),NO,,NO,,NO,,,,,
dm_nha_an,8,updated_at,timestamp without time zone,,,,NO,now(),NO,,NO,,NO,,,,,
dm_nhan_vien,1,id,integer,,32,0,NO,nextval('dm_nhan_vien_id_seq'::regclass),YES,dm_nhan_vien_pkey,NO,,NO,,,,,
dm_nhan_vien,2,ma_nhan_vien,character varying,50,,,NO,,NO,,YES,dm_nhan_vien_ma_nhan_vien_key,NO,,,,,
dm_nhan_vien,5,ho_ten,character varying,150,,,NO,,NO,,NO,,NO,,,,,
dm_nhan_vien,6,email,character varying,150,,,YES,,NO,,YES,dm_nhan_vien_email_key,NO,,,,,
dm_nhan_vien,7,so_dien_thoai,character varying,20,,,YES,,NO,,NO,,NO,,,,,
dm_nhan_vien,8,anh_dai_dien,text,,,,YES,,NO,,NO,,NO,,,,,
dm_nhan_vien,10,chuc_vu_id,integer,,32,0,YES,,NO,,NO,,YES,fk_nhan_vien_chuc_vu,dm_chuc_vu,id,NO ACTION,NO ACTION
dm_nhan_vien,11,co_so_id,integer,,32,0,YES,,NO,,NO,,YES,fk_nhan_vien_co_so,dm_co_so,id,NO ACTION,NO ACTION
dm_nhan_vien,12,phong_ban_id,integer,,32,0,YES,,NO,,NO,,YES,fk_nhan_vien_phong_ban,dm_phong_ban,id,NO ACTION,NO ACTION
dm_nhan_vien,13,active,boolean,,,,YES,true,NO,,NO,,NO,,,,,
dm_nhan_vien,15,created_at,timestamp without time zone,,,,YES,now(),NO,,NO,,NO,,,,,
dm_nhan_vien,16,updated_at,timestamp without time zone,,,,YES,now(),NO,,NO,,NO,,,,,
dm_nhan_vien,17,ngay_sinh,date,,,,YES,,NO,,NO,,NO,,,,,
dm_nhan_vien,18,gioi_tinh,smallint,,16,0,YES,,NO,,NO,,NO,,,,,
dm_nhan_vien,19,dia_chi,text,,,,YES,,NO,,NO,,NO,,,,,
dm_nhan_vien,20,ghi_chu,text,,,,YES,,NO,,NO,,NO,,,,,
dm_nhan_vien,21,ma_the,character varying,100,,,YES,,NO,,YES,uq_dm_nhan_vien_ma_the,NO,,,,,
dm_nhan_vien,22,ma_qr,character varying,255,,,YES,,NO,,YES,uq_dm_nhan_vien_ma_qr,NO,,,,,
dm_nhan_vien,23,ma_barcode,character varying,255,,,YES,,NO,,YES,uq_dm_nhan_vien_ma_barcode,NO,,,,,
dm_nhan_vien,24,tinh_thanh_id,integer,,32,0,YES,,NO,,NO,,YES,fk_nv_tinh_thanh,dm_tinh_thanh,id,NO ACTION,NO ACTION
dm_nhan_vien,25,xa_phuong_id,integer,,32,0,YES,,NO,,NO,,YES,fk_nv_xa_phuong,dm_xa_phuong,id,NO ACTION,NO ACTION
dm_nhan_vien,26,quoc_gia_id,integer,,32,0,YES,,NO,,NO,,YES,fk_nv_quoc_gia,dm_quoc_gia,id,NO ACTION,NO ACTION
dm_nhan_vien_vai_tro,1,id,integer,,32,0,NO,nextval('dm_nhan_vien_vai_tro_id_seq'::regclass),YES,dm_nhan_vien_vai_tro_pkey,NO,,NO,,,,,
dm_nhan_vien_vai_tro,2,nhan_vien_id,integer,,32,0,NO,,NO,,YES,uq_nv_vai_tro,YES,fk_nv_vai_tro_nhan_vien,dm_nhan_vien,id,NO ACTION,CASCADE
dm_nhan_vien_vai_tro,3,vai_tro_id,integer,,32,0,NO,,NO,,YES,uq_nv_vai_tro,YES,fk_nv_vai_tro_vai_tro,dm_vai_tro,id,NO ACTION,CASCADE
dm_nhan_vien_vai_tro,4,active,boolean,,,,NO,true,NO,,NO,,NO,,,,,
dm_nhan_vien_vai_tro,5,created_at,timestamp without time zone,,,,NO,now(),NO,,NO,,NO,,,,,
dm_nhan_vien_vai_tro,6,updated_at,timestamp without time zone,,,,NO,now(),NO,,NO,,NO,,,,,
dm_nhom_mon_an,1,id,integer,,32,0,NO,nextval('dm_nhom_mon_an_id_seq'::regclass),YES,dm_nhom_mon_an_pkey,NO,,NO,,,,,
dm_nhom_mon_an,2,ma_nhom_mon_an,character varying,50,,,NO,,NO,,YES,dm_nhom_mon_an_ma_nhom_mon_an_key,NO,,,,,
dm_nhom_mon_an,3,ten_nhom_mon_an,character varying,150,,,NO,,NO,,NO,,NO,,,,,
dm_nhom_mon_an,7,active,boolean,,,,NO,true,NO,,NO,,NO,,,,,
dm_nhom_mon_an,8,created_at,timestamp without time zone,,,,NO,now(),NO,,NO,,NO,,,,,
dm_nhom_mon_an,9,updated_at,timestamp without time zone,,,,NO,now(),NO,,NO,,NO,,,,,
dm_nhom_mon_an,10,mo_ta,character varying,500,,,YES,,NO,,NO,,NO,,,,,
dm_nhom_tinh_nang,1,id,bigint,,64,0,NO,nextval('dm_nhom_tinh_nang_id_seq'::regclass),YES,dm_nhom_tinh_nang_pkey,NO,,NO,,,,,
dm_nhom_tinh_nang,2,ma_nhom_tinh_nang,character varying,50,,,NO,,NO,,YES,dm_nhom_tinh_nang_ma_nhom_tinh_nang_key,NO,,,,,
dm_nhom_tinh_nang,3,ten_nhom_tinh_nang,character varying,255,,,NO,,NO,,NO,,NO,,,,,
dm_nhom_tinh_nang,4,mo_ta,character varying,500,,,YES,,NO,,NO,,NO,,,,,
dm_nhom_tinh_nang,5,active,boolean,,,,NO,true,NO,,NO,,NO,,,,,
dm_nhom_tinh_nang,6,created_at,timestamp without time zone,,,,NO,now(),NO,,NO,,NO,,,,,
dm_nhom_tinh_nang,7,updated_at,timestamp without time zone,,,,NO,now(),NO,,NO,,NO,,,,,
dm_phong_ban,1,id,integer,,32,0,NO,nextval('dm_phong_ban_id_seq'::regclass),YES,dm_phong_ban_pkey,NO,,NO,,,,,
dm_phong_ban,2,ma_phong_ban,character varying,50,,,NO,,NO,,YES,dm_phong_ban_ma_phong_ban_key,NO,,,,,
dm_phong_ban,3,ten_phong_ban,character varying,150,,,NO,,NO,,NO,,NO,,,,,
dm_phong_ban,4,mo_ta,character varying,500,,,YES,,NO,,NO,,NO,,,,,
dm_phong_ban,5,active,boolean,,,,YES,true,NO,,NO,,NO,,,,,
dm_phong_ban,6,created_at,timestamp without time zone,,,,YES,now(),NO,,NO,,NO,,,,,
dm_phong_ban,7,updated_at,timestamp without time zone,,,,YES,now(),NO,,NO,,NO,,,,,
dm_phong_ban,8,co_so_id,integer,,32,0,NO,,NO,,NO,,YES,fk_dm_phong_ban_co_so,dm_co_so,id,NO ACTION,NO ACTION
dm_quoc_gia,1,id,integer,,32,0,NO,nextval('dm_quoc_gia_id_seq'::regclass),YES,dm_quoc_gia_pkey,NO,,NO,,,,,
dm_quoc_gia,2,ma_quoc_gia,character varying,10,,,NO,,NO,,YES,dm_quoc_gia_ma_quoc_gia_key,NO,,,,,
dm_quoc_gia,3,ten_quoc_gia,character varying,255,,,NO,,NO,,NO,,NO,,,,,
dm_quoc_gia,4,ten_tieng_anh,character varying,255,,,YES,,NO,,NO,,NO,,,,,
dm_quoc_gia,5,ma_dien_thoai,character varying,10,,,YES,,NO,,NO,,NO,,,,,
dm_quoc_gia,6,active,boolean,,,,YES,true,NO,,NO,,NO,,,,,
dm_quoc_gia,7,created_at,timestamp without time zone,,,,YES,now(),NO,,NO,,NO,,,,,
dm_quoc_gia,8,updated_at,timestamp without time zone,,,,YES,now(),NO,,NO,,NO,,,,,
dm_quoc_gia,9,ten_viet_tat,character varying,50,,,YES,,NO,,NO,,NO,,,,,
dm_quoc_gia,10,ma_iso2,character varying,2,,,YES,,NO,,NO,,NO,,,,,
dm_quoc_gia,11,ma_iso3,character varying,3,,,YES,,NO,,NO,,NO,,,,,
dm_quoc_gia,12,ten_quoc_gia_en,character varying,255,,,YES,,NO,,NO,,NO,,,,,
dm_quyen,1,id,integer,,32,0,NO,nextval('dm_quyen_id_seq'::regclass),YES,dm_quyen_pkey,NO,,NO,,,,,
dm_quyen,2,ma_quyen,character varying,50,,,NO,,NO,,YES,dm_quyen_ma_quyen_key,NO,,,,,
dm_quyen,3,ten_quyen,character varying,100,,,NO,,NO,,NO,,NO,,,,,
dm_quyen,4,mo_ta,character varying,500,,,YES,,NO,,NO,,NO,,,,,
dm_quyen,5,active,boolean,,,,YES,true,NO,,NO,,NO,,,,,
dm_quyen,6,created_at,timestamp without time zone,,,,YES,now(),NO,,NO,,NO,,,,,
dm_quyen,7,updated_at,timestamp without time zone,,,,YES,now(),NO,,NO,,NO,,,,,
dm_quyen_nhom_tinh_nang,1,id,bigint,,64,0,NO,nextval('dm_quyen_nhom_tinh_nang_id_seq'::regclass),YES,dm_quyen_nhom_tinh_nang_pkey,NO,,NO,,,,,
dm_quyen_nhom_tinh_nang,2,quyen_id,bigint,,64,0,NO,,NO,,YES,uq_quyen_nhom_tinh_nang,YES,fk_quyen_nhom_tinh_nang_quyen,dm_quyen,id,NO ACTION,NO ACTION
dm_quyen_nhom_tinh_nang,3,nhom_tinh_nang_id,bigint,,64,0,NO,,NO,,YES,uq_quyen_nhom_tinh_nang,YES,fk_quyen_nhom_tinh_nang_nhom,dm_nhom_tinh_nang,id,NO ACTION,NO ACTION
dm_quyen_nhom_tinh_nang,4,active,boolean,,,,NO,true,NO,,NO,,NO,,,,,
dm_quyen_nhom_tinh_nang,5,created_at,timestamp without time zone,,,,NO,now(),NO,,NO,,NO,,,,,
dm_quyen_nhom_tinh_nang,6,updated_at,timestamp without time zone,,,,NO,now(),NO,,NO,,NO,,,,,
dm_tai_khoan,1,id,integer,,32,0,NO,nextval('dm_tai_khoan_id_seq'::regclass),YES,dm_tai_khoan_pkey,NO,,NO,,,,,
dm_tai_khoan,2,nhan_vien_id,integer,,32,0,NO,,NO,,YES,dm_tai_khoan_nhan_vien_id_key,YES,fk_dm_tai_khoan_nhan_vien,dm_nhan_vien,id,NO ACTION,CASCADE
dm_tai_khoan,3,ten_dang_nhap,character varying,100,,,NO,,NO,,YES,dm_tai_khoan_ten_dang_nhap_key,NO,,,,,
dm_tai_khoan,4,mat_khau_hash,text,,,,NO,,NO,,NO,,NO,,,,,
dm_tai_khoan,5,so_lan_dang_nhap_sai,smallint,,16,0,NO,0,NO,,NO,,NO,,,,,
dm_tai_khoan,6,khoa_den,timestamp without time zone,,,,YES,,NO,,NO,,NO,,,,,
dm_tai_khoan,7,lan_dang_nhap_cuoi,timestamp with time zone,,,,YES,,NO,,NO,,NO,,,,,
dm_tai_khoan,8,doi_mat_khau_lan_cuoi,timestamp with time zone,,,,YES,,NO,,NO,,NO,,,,,
dm_tai_khoan,9,active,boolean,,,,NO,true,NO,,NO,,NO,,,,,
dm_tai_khoan,10,created_at,timestamp with time zone,,,,NO,now(),NO,,NO,,NO,,,,,
dm_tai_khoan,11,updated_at,timestamp with time zone,,,,NO,now(),NO,,NO,,NO,,,,,
dm_tai_khoan,12,doi_mat_khau_lan_dau,boolean,,,,NO,true,NO,,NO,,NO,,,,,
dm_tai_khoan_vai_tro,1,tai_khoan_id,integer,,32,0,NO,,YES,dm_tai_khoan_vai_tro_pkey,NO,,YES,fk_tai_khoan_vai_tro_tai_khoan,dm_tai_khoan,id,NO ACTION,NO ACTION
dm_tai_khoan_vai_tro,2,vai_tro_id,integer,,32,0,NO,,YES,dm_tai_khoan_vai_tro_pkey,NO,,YES,fk_tai_khoan_vai_tro_vai_tro,dm_vai_tro,id,NO ACTION,NO ACTION
dm_tai_khoan_vai_tro,3,active,boolean,,,,NO,true,NO,,NO,,NO,,,,,
dm_tai_khoan_vai_tro,4,created_at,timestamp without time zone,,,,NO,now(),NO,,NO,,NO,,,,,
dm_tai_khoan_vai_tro,5,updated_at,timestamp without time zone,,,,NO,now(),NO,,NO,,NO,,,,,
dm_thiet_lap,1,id,integer,,32,0,NO,nextval('dm_thiet_lap_id_seq'::regclass),YES,dm_thiet_lap_pkey,NO,,NO,,,,,
dm_thiet_lap,2,ma_thiet_lap,character varying,100,,,NO,,NO,,YES,dm_thiet_lap_ma_thiet_lap_key,NO,,,,,
dm_thiet_lap,3,ten_thiet_lap,character varying,255,,,NO,,NO,,NO,,NO,,,,,
dm_thiet_lap,4,gia_tri,text,,,,YES,,NO,,NO,,NO,,,,,
dm_thiet_lap,6,mo_ta,character varying,500,,,YES,,NO,,NO,,NO,,,,,
dm_thiet_lap,7,co_so_id,integer,,32,0,YES,,NO,,NO,,YES,fk_thiet_lap_co_so,dm_co_so,id,NO ACTION,NO ACTION
dm_thiet_lap,8,active,boolean,,,,NO,true,NO,,NO,,NO,,,,,
dm_thiet_lap,9,created_at,timestamp without time zone,,,,NO,now(),NO,,NO,,NO,,,,,
dm_thiet_lap,10,updated_at,timestamp without time zone,,,,NO,now(),NO,,NO,,NO,,,,,
dm_thiet_lap_nhom_tinh_nang,1,id,bigint,,64,0,NO,nextval('dm_thiet_lap_nhom_tinh_nang_id_seq'::regclass),YES,dm_thiet_lap_nhom_tinh_nang_pkey,NO,,NO,,,,,
dm_thiet_lap_nhom_tinh_nang,2,thiet_lap_id,integer,,32,0,NO,,NO,,YES,uq_thiet_lap_nhom_tinh_nang,YES,fk_thiet_lap_nhom_tinh_nang_thiet_lap,dm_thiet_lap,id,NO ACTION,NO ACTION
dm_thiet_lap_nhom_tinh_nang,3,nhom_tinh_nang_id,bigint,,64,0,NO,,NO,,YES,uq_thiet_lap_nhom_tinh_nang,YES,fk_thiet_lap_nhom_tinh_nang_nhom,dm_nhom_tinh_nang,id,NO ACTION,NO ACTION
dm_thiet_lap_nhom_tinh_nang,4,active,boolean,,,,NO,true,NO,,NO,,NO,,,,,
dm_thiet_lap_nhom_tinh_nang,5,created_at,timestamp without time zone,,,,NO,now(),NO,,NO,,NO,,,,,
dm_thiet_lap_nhom_tinh_nang,6,updated_at,timestamp without time zone,,,,NO,now(),NO,,NO,,NO,,,,,
dm_thuc_pham,1,id,integer,,32,0,NO,nextval('dm_thuc_pham_id_seq'::regclass),YES,dm_thuc_pham_pkey,NO,,NO,,,,,
dm_thuc_pham,2,ma_thuc_pham,character varying,50,,,NO,,NO,,YES,dm_thuc_pham_ma_thuc_pham_key,NO,,,,,
dm_thuc_pham,3,ten_thuc_pham,character varying,150,,,NO,,NO,,NO,,NO,,,,,
dm_thuc_pham,6,active,boolean,,,,NO,true,NO,,NO,,NO,,,,,
dm_thuc_pham,7,created_at,timestamp without time zone,,,,NO,now(),NO,,NO,,NO,,,,,
dm_thuc_pham,8,updated_at,timestamp without time zone,,,,NO,now(),NO,,NO,,NO,,,,,
dm_thuc_pham,9,gia_nhap,numeric,,18,2,YES,,NO,,NO,,NO,,,,,
dm_thuc_pham,12,ghi_chu,text,,,,YES,,NO,,NO,,NO,,,,,
dm_thuc_pham,13,don_vi_so_cap_id,integer,,32,0,YES,,NO,,NO,,YES,fk_tp_dv_so_cap,dm_don_vi_tinh,id,NO ACTION,NO ACTION
dm_thuc_pham,14,don_vi_su_dung_id,integer,,32,0,YES,,NO,,NO,,YES,fk_tp_dv_su_dung,dm_don_vi_tinh,id,NO ACTION,NO ACTION
dm_thuc_pham,15,he_so_quy_doi,numeric,,12,2,YES,1,NO,,NO,,NO,,,,,
dm_thuc_pham,16,ty_le_hao_hut_du_kien,numeric,,5,2,NO,0,NO,,NO,,NO,,,,,
dm_thuc_pham,17,mo_ta,character varying,500,,,YES,,NO,,NO,,NO,,,,,
dm_thuc_pham,18,hinh_anh,character varying,500,,,YES,,NO,,NO,,NO,,,,,
dm_thuc_pham,19,dieu_kien_bao_quan,character varying,500,,,YES,,NO,,NO,,NO,,,,,
dm_thuc_pham,20,xuat_xu,character varying,255,,,YES,,NO,,NO,,NO,,,,,
dm_thuc_pham,21,quy_cach,character varying,255,,,YES,,NO,,NO,,NO,,,,,
dm_tinh_thanh,1,id,integer,,32,0,NO,nextval('dm_tinh_thanh_id_seq'::regclass),YES,dm_tinh_thanh_pkey,NO,,NO,,,,,
dm_tinh_thanh,2,ma_tinh_thanh,character varying,20,,,NO,,NO,,YES,dm_tinh_thanh_ma_tinh_thanh_key,NO,,,,,
dm_tinh_thanh,3,ten_tinh_thanh,character varying,255,,,NO,,NO,,NO,,NO,,,,,
dm_tinh_thanh,4,active,boolean,,,,YES,true,NO,,NO,,NO,,,,,
dm_tinh_thanh,5,created_at,timestamp without time zone,,,,YES,now(),NO,,NO,,NO,,,,,
dm_tinh_thanh,6,updated_at,timestamp without time zone,,,,YES,now(),NO,,NO,,NO,,,,,
dm_tinh_thanh,7,quoc_gia_id,integer,,32,0,YES,,NO,,NO,,YES,fk_tinh_thanh_quoc_gia,dm_quoc_gia,id,NO ACTION,NO ACTION
dm_tinh_thanh,8,ten_viet_tat,character varying,100,,,YES,,NO,,NO,,NO,,,,,
dm_vai_tro,1,id,integer,,32,0,NO,nextval('dm_vai_tro_id_seq'::regclass),YES,dm_vai_tro_pkey,NO,,NO,,,,,
dm_vai_tro,2,ma_vai_tro,character varying,50,,,NO,,NO,,YES,dm_vai_tro_ma_vai_tro_key,NO,,,,,
dm_vai_tro,3,ten_vai_tro,character varying,100,,,NO,,NO,,NO,,NO,,,,,
dm_vai_tro,4,mo_ta,character varying,500,,,YES,,NO,,NO,,NO,,,,,
dm_vai_tro,5,active,boolean,,,,YES,true,NO,,NO,,NO,,,,,
dm_vai_tro,6,created_at,timestamp without time zone,,,,YES,now(),NO,,NO,,NO,,,,,
dm_vai_tro,7,updated_at,timestamp without time zone,,,,YES,now(),NO,,NO,,NO,,,,,
dm_vai_tro_quyen,1,vai_tro_id,integer,,32,0,NO,,YES,dm_vai_tro_quyen_pkey,NO,,YES,fk_vai_tro_quyen_vai_tro,dm_vai_tro,id,NO ACTION,NO ACTION
dm_vai_tro_quyen,2,quyen_id,integer,,32,0,NO,,YES,dm_vai_tro_quyen_pkey,NO,,YES,fk_vai_tro_quyen_quyen,dm_quyen,id,NO ACTION,NO ACTION
dm_vai_tro_quyen,3,active,boolean,,,,YES,true,NO,,NO,,NO,,,,,
dm_vai_tro_quyen,4,created_at,timestamp without time zone,,,,YES,now(),NO,,NO,,NO,,,,,
dm_vai_tro_quyen,5,updated_at,timestamp without time zone,,,,YES,now(),NO,,NO,,NO,,,,,
dm_voucher,1,id,integer,,32,0,NO,nextval('dm_voucher_id_seq'::regclass),YES,dm_voucher_pkey,NO,,NO,,,,,
dm_voucher,2,ma_voucher,character varying,50,,,NO,,NO,,YES,dm_voucher_ma_voucher_key,NO,,,,,
dm_voucher,3,ten_voucher,character varying,255,,,NO,,NO,,NO,,NO,,,,,
dm_voucher,4,mo_ta,character varying,500,,,YES,,NO,,NO,,NO,,,,,
dm_voucher,5,loai_mien_giam,integer,,32,0,NO,,NO,,NO,,NO,,,,,
dm_voucher,6,gia_tri,numeric,,18,2,NO,,NO,,NO,,NO,,,,,
dm_voucher,7,so_luong,integer,,32,0,NO,0,NO,,NO,,NO,,,,,
dm_voucher,8,da_su_dung,integer,,32,0,NO,0,NO,,NO,,NO,,,,,
dm_voucher,10,thoi_gian_bat_dau,timestamp without time zone,,,,YES,,NO,,NO,,NO,,,,,
dm_voucher,11,thoi_gian_ket_thuc,timestamp without time zone,,,,YES,,NO,,NO,,NO,,,,,
dm_voucher,12,active,boolean,,,,NO,true,NO,,NO,,NO,,,,,
dm_voucher,13,created_at,timestamp without time zone,,,,NO,now(),NO,,NO,,NO,,,,,
dm_voucher,14,updated_at,timestamp without time zone,,,,NO,now(),NO,,NO,,NO,,,,,
dm_xa_phuong,1,id,integer,,32,0,NO,nextval('dm_xa_phuong_id_seq'::regclass),YES,dm_xa_phuong_pkey,NO,,NO,,,,,
dm_xa_phuong,2,ma_xa_phuong,character varying,30,,,NO,,NO,,YES,dm_xa_phuong_ma_xa_phuong_key,NO,,,,,
dm_xa_phuong,3,ten_xa_phuong,character varying,255,,,NO,,NO,,NO,,NO,,,,,
dm_xa_phuong,4,tinh_thanh_id,integer,,32,0,NO,,NO,,NO,,YES,fk_xa_phuong_tinh_thanh,dm_tinh_thanh,id,NO ACTION,NO ACTION
dm_xa_phuong,5,active,boolean,,,,YES,true,NO,,NO,,NO,,,,,
dm_xa_phuong,6,created_at,timestamp without time zone,,,,YES,now(),NO,,NO,,NO,,,,,
dm_xa_phuong,7,updated_at,timestamp without time zone,,,,YES,now(),NO,,NO,,NO,,,,,
dm_xa_phuong,8,ten_viet_tat,character varying,100,,,YES,,NO,,NO,,NO,,,,,
nv_binh_chon_suat_an,1,id,integer,,32,0,NO,nextval('nv_binh_chon_suat_an_id_seq'::regclass),YES,nv_binh_chon_suat_an_pkey,NO,,NO,,,,,
nv_binh_chon_suat_an,2,dot_binh_chon_id,integer,,32,0,NO,,NO,,YES,uq_dot_nhan_vien,YES,fk_binh_chon_dot,nv_dot_binh_chon,id,NO ACTION,NO ACTION
nv_binh_chon_suat_an,3,nhan_vien_id,integer,,32,0,NO,,NO,,YES,uq_dot_nhan_vien,YES,fk_binh_chon_nhan_vien,dm_nhan_vien,id,NO ACTION,NO ACTION
nv_binh_chon_suat_an,4,co_an,boolean,,,,NO,,NO,,NO,,NO,,,,,
nv_binh_chon_suat_an,5,thoi_gian_binh_chon,timestamp without time zone,,,,NO,now(),NO,,NO,,NO,,,,,
nv_binh_chon_suat_an,6,active,boolean,,,,NO,true,NO,,NO,,NO,,,,,
nv_binh_chon_suat_an,7,created_at,timestamp without time zone,,,,NO,now(),NO,,NO,,NO,,,,,
nv_binh_chon_suat_an,8,updated_at,timestamp without time zone,,,,NO,now(),NO,,NO,,NO,,,,,
nv_binh_chon_suat_an,9,ghi_chu,text,,,,YES,,NO,,NO,,NO,,,,,
nv_dot_binh_chon,1,id,integer,,32,0,NO,nextval('nv_dot_binh_chon_id_seq'::regclass),YES,nv_dot_binh_chon_pkey,NO,,NO,,,,,
nv_dot_binh_chon,2,ma_dot_binh_chon,character varying,50,,,NO,,NO,,YES,nv_dot_binh_chon_ma_dot_binh_chon_key,NO,,,,,
nv_dot_binh_chon,3,ten_dot_binh_chon,character varying,255,,,NO,,NO,,NO,,NO,,,,,
nv_dot_binh_chon,4,nha_an_id,integer,,32,0,NO,,NO,,NO,,YES,fk_dot_binh_chon_nha_an,dm_nha_an,id,NO ACTION,NO ACTION
nv_dot_binh_chon,5,ca_an_id,integer,,32,0,NO,,NO,,NO,,YES,fk_dot_binh_chon_ca_an,dm_ca_an,id,NO ACTION,NO ACTION
nv_dot_binh_chon,6,thoi_gian_bat_dau,timestamp without time zone,,,,NO,,NO,,NO,,NO,,,,,
nv_dot_binh_chon,7,thoi_gian_ket_thuc,timestamp without time zone,,,,NO,,NO,,NO,,NO,,,,,
nv_dot_binh_chon,8,thoi_gian_khoa_binh_chon,timestamp without time zone,,,,NO,,NO,,NO,,NO,,,,,
nv_dot_binh_chon,9,active,boolean,,,,NO,true,NO,,NO,,NO,,,,,
nv_dot_binh_chon,10,created_at,timestamp without time zone,,,,NO,now(),NO,,NO,,NO,,,,,
nv_dot_binh_chon,11,updated_at,timestamp without time zone,,,,NO,now(),NO,,NO,,NO,,,,,
nv_dot_binh_chon,12,trang_thai,smallint,,16,0,YES,0,NO,,NO,,NO,,,,,
nv_phieu_nhap,1,id,integer,,32,0,NO,nextval('nv_phieu_nhap_id_seq'::regclass),YES,nv_phieu_nhap_pkey,NO,,NO,,,,,
nv_phieu_nhap,2,ma_phieu_nhap,character varying,50,,,NO,,NO,,YES,nv_phieu_nhap_ma_phieu_nhap_key,NO,,,,,
nv_phieu_nhap,3,kho_id,integer,,32,0,NO,,NO,,NO,,YES,fk_phieu_nhap_kho,dm_kho,id,NO ACTION,NO ACTION
nv_phieu_nhap,4,nhan_vien_id,integer,,32,0,NO,,NO,,NO,,YES,fk_phieu_nhap_nhan_vien,dm_nhan_vien,id,NO ACTION,NO ACTION
nv_phieu_nhap,5,ngay_nhap,timestamp without time zone,,,,NO,,NO,,NO,,NO,,,,,
nv_phieu_nhap,6,tong_so_mat_hang,integer,,32,0,NO,0,NO,,NO,,NO,,,,,
nv_phieu_nhap,7,tong_so_luong,numeric,,18,3,NO,0,NO,,NO,,NO,,,,,
nv_phieu_nhap,8,tong_tien,numeric,,18,2,NO,0,NO,,NO,,NO,,,,,
nv_phieu_nhap,9,nguoi_giao,character varying,255,,,YES,,NO,,NO,,NO,,,,,
nv_phieu_nhap,10,nguoi_nhan,character varying,255,,,YES,,NO,,NO,,NO,,,,,
nv_phieu_nhap,11,hinh_thuc_nhap,character varying,30,,,NO,,NO,,NO,,NO,,,,,
nv_phieu_nhap,12,ghi_chu,text,,,,YES,,NO,,NO,,NO,,,,,
nv_phieu_nhap,13,trang_thai,character varying,30,,,NO,'MOI'::character varying,NO,,NO,,NO,,,,,
nv_phieu_nhap,14,active,boolean,,,,NO,true,NO,,NO,,NO,,,,,
nv_phieu_nhap,15,created_at,timestamp without time zone,,,,NO,now(),NO,,NO,,NO,,,,,
nv_phieu_nhap,16,updated_at,timestamp without time zone,,,,NO,now(),NO,,NO,,NO,,,,,
nv_phieu_xuat,1,id,integer,,32,0,NO,nextval('nv_phieu_xuat_id_seq'::regclass),YES,nv_phieu_xuat_pkey,NO,,NO,,,,,
nv_phieu_xuat,2,ma_phieu_xuat,character varying,50,,,NO,,NO,,YES,nv_phieu_xuat_ma_phieu_xuat_key,NO,,,,,
nv_phieu_xuat,3,kho_id,integer,,32,0,NO,,NO,,NO,,YES,fk_px_kho,dm_kho,id,NO ACTION,NO ACTION
nv_phieu_xuat,4,nhan_vien_id,integer,,32,0,NO,,NO,,NO,,YES,fk_px_nv,dm_nhan_vien,id,NO ACTION,NO ACTION
nv_phieu_xuat,5,ngay_xuat,timestamp without time zone,,,,NO,,NO,,NO,,NO,,,,,
nv_phieu_xuat,6,tong_so_mat_hang,integer,,32,0,NO,0,NO,,NO,,NO,,,,,
nv_phieu_xuat,7,tong_so_luong,numeric,,18,3,NO,0,NO,,NO,,NO,,,,,
nv_phieu_xuat,8,ly_do_xuat,character varying,100,,,YES,,NO,,NO,,NO,,,,,
nv_phieu_xuat,9,nguoi_nhan,character varying,255,,,YES,,NO,,NO,,NO,,,,,
nv_phieu_xuat,10,ghi_chu,text,,,,YES,,NO,,NO,,NO,,,,,
nv_phieu_xuat,11,trang_thai,character varying,30,,,NO,'MOI'::character varying,NO,,NO,,NO,,,,,
nv_phieu_xuat,12,active,boolean,,,,NO,true,NO,,NO,,NO,,,,,
nv_phieu_xuat,13,created_at,timestamp without time zone,,,,NO,now(),NO,,NO,,NO,,,,,
nv_phieu_xuat,14,updated_at,timestamp without time zone,,,,NO,now(),NO,,NO,,NO,,,,,
nv_refresh_token,1,id,integer,,32,0,NO,nextval('nv_refresh_token_id_seq'::regclass),YES,nv_refresh_token_pkey,NO,,NO,,,,,
nv_refresh_token,2,token,text,,,,NO,,NO,,YES,nv_refresh_token_token_key,NO,,,,,
nv_refresh_token,3,tai_khoan_id,integer,,32,0,NO,,NO,,NO,,YES,fk_refresh_token_tai_khoan,dm_tai_khoan,id,NO ACTION,NO ACTION
nv_refresh_token,4,expires_at,timestamp without time zone,,,,NO,,NO,,NO,,NO,,,,,
nv_refresh_token,5,revoked,boolean,,,,YES,false,NO,,NO,,NO,,,,,
nv_refresh_token,6,created_at,timestamp without time zone,,,,YES,now(),NO,,NO,,NO,,,,,
nv_refresh_token,7,updated_at,timestamp without time zone,,,,YES,now(),NO,,NO,,NO,,,,,
ton_kho,1,id,integer,,32,0,NO,nextval('ton_kho_id_seq'::regclass),YES,ton_kho_pkey,NO,,NO,,,,,
ton_kho,2,kho_id,integer,,32,0,NO,,NO,,YES,uq_ton_kho,YES,fk_ton_kho,dm_kho,id,NO ACTION,NO ACTION
ton_kho,3,thuc_pham_id,integer,,32,0,NO,,NO,,YES,uq_ton_kho,YES,fk_ton_tp,dm_thuc_pham,id,NO ACTION,NO ACTION
ton_kho,4,so_luong_ton_so_cap,numeric,,18,3,NO,0,NO,,NO,,NO,,,,,
ton_kho,5,so_luong_ton_su_dung,numeric,,18,3,NO,0,NO,,NO,,NO,,,,,
ton_kho,6,gia_von_trung_binh,numeric,,18,2,NO,0,NO,,NO,,NO,,,,,
ton_kho,7,gia_tri_ton,numeric,,18,2,NO,0,NO,,NO,,NO,,,,,
ton_kho,8,ngay_cap_nhat,timestamp without time zone,,,,NO,now(),NO,,NO,,NO,,,,,
ton_kho,9,active,boolean,,,,NO,true,NO,,NO,,NO,,,,,
ton_kho,10,created_at,timestamp without time zone,,,,NO,now(),NO,,NO,,NO,,,,,
ton_kho,11,updated_at,timestamp without time zone,,,,NO,now(),NO,,NO,,NO,,,,,
ton_kho,12,last_phieu_nhap_id,integer,,32,0,YES,,NO,,NO,,YES,fk_ton_kho_last_pn,nv_phieu_nhap,id,NO ACTION,NO ACTION
ton_kho,13,last_phieu_xuat_id,integer,,32,0,YES,,NO,,NO,,YES,fk_ton_kho_last_px,nv_phieu_xuat,id,NO ACTION,NO ACTION